City,State
New York,New York
Los Angeles,California
Chicago,Illinois
Houston,Texas
Philadelphia,Pennsylvania
Phoenix,Arizona
San Antonio,Texas
San Diego,California
Dallas,Texas
San Jose,California
Austin,Texas
Jacksonville,Florida
Indianapolis,Indiana
San Francisco,California
Columbus,Ohio
Fort Worth,Texas
Charlotte,North Carolina
Detroit,Michigan
El Paso,Texas
Memphis,Tennessee
Boston,Massachusetts
Boston,Washington
Denver,Colorado
Washington,District of Columbia
Nashville,Tennessee
Baltimore,Maryland
Louisville,Kentucky
Portland,Oregon
Oklahoma,Oklahoma
Milwaukee,Wisconsin
Las Vagas,Nevada
Albuquerque,New Mexico
Tucson,Arizona
Fresno,California
Sacramento,California
Long Beach,California
Kansas City,Missouri
Mesa,Arizona
Virginia Beach,Virginia
Atlanta,Georgia
Colorado Springs,Colorado
Raleigh,North Carolina
Omaha,Nebraska
Miami,Florida
Oakland,California
Tulsa,Oklahoma
Omaha,Minnesota
Cleveland,Ohio
Omaha,Kansas
Arlington,Texas
Omaha,Louisiana
Bakersfield,California
Tampa,Florida
Honolulu,Hawai'i
Anaheim,California
Aurora,Colorado
Santa Ana,California
St. Louis,Missouri
Riverside,California
Corpus Christi,Texas
Pittsburgh,Pennsylvania
Lexington,Kentucky
Anchorage,Alaska
Stockton,California
Cincinnati,Ohio
Saint Paul,Minnesota
Toledo,Ohio
Newark,New Jersey
Greensboro,North Carolina
Plano,Texas
Henderson,Nevada
Lincoln,Nebraska
Buffalo,New York
Fort Wayne,Indiana
Jersey City,New Jersey
Chula Vista,California
Orlando,Florida
St. Petersburg,Florida
Norfolk,Virginia
Chandler,Arizona
Laredo,Texas
Madison,Wisconsin
Durham,North Carolina
Lubbock,Texas
Winston–Salem,North Carolina
Garland,Texas
Glendale,Arizona
Hialeah,Florida
Reno,Nevada
Baton Rouge,Louisiana
Irvine,California
Chesapeake,Virginia
Irving,Texas
Scottsdale,Arizona
North Las Vegas,Nevada
Fremont,California
Gilbert,Arizona
San Bernardino,California
Boise,Idaho
Birmingham,Alabama